<?xml version="1.0" encoding="UTF-8"?>
<configurationDescriptor version="62">
  <logicalFolder name="root" displayName="root" projectFiles="true">
    <logicalFolder name="HeaderFiles"
                   displayName="Header Files"
                   projectFiles="true">
      <itemPath>../Buttons.h</itemPath>
      <itemPath>../DisplayMacros.h</itemPath>
      <itemPath>../General.h</itemPath>
      <itemPath>../I2c.h</itemPath>
      <itemPath>../Lcd.h</itemPath>
      <itemPath>../Rtc.h</itemPath>
      <itemPath>../Serial.h</itemPath>
      <itemPath>../Sound.h</itemPath>
      <itemPath>../Voltmeter.h</itemPath>
      <itemPath>../../../../Program Files/HI-TECH Software/PICC/9.80/include/pic16f1937.h</itemPath>
    </logicalFolder>
    <logicalFolder name="LibraryFiles"
                   displayName="Library Files"
                   projectFiles="true">
    </logicalFolder>
    <logicalFolder name="ObjectFiles"
                   displayName="Object Files"
                   projectFiles="true">
    </logicalFolder>
    <logicalFolder name="SourceFiles"
                   displayName="Source Files"
                   projectFiles="true">
      <itemPath>../Buttons.c</itemPath>
      <itemPath>../I2c.c</itemPath>
      <itemPath>../Lcd.c</itemPath>
      <itemPath>../Main.c</itemPath>
      <itemPath>../Rtc.c</itemPath>
      <itemPath>../Serial.c</itemPath>
      <itemPath>../Sound.c</itemPath>
      <itemPath>../Voltmeter.c</itemPath>
    </logicalFolder>
    <logicalFolder name="ExternalFiles"
                   displayName="Important Files"
                   projectFiles="false">
      <itemPath>Makefile</itemPath>
    </logicalFolder>
  </logicalFolder>
  <projectmakefile>Makefile</projectmakefile>
  <confs>
    <conf name="default" type="2">
      <toolsSet>
        <developmentServer>localhost</developmentServer>
        <targetDevice>PIC16F1937</targetDevice>
        <targetHeader></targetHeader>
        <platformTool>PICkit3PlatformTool</platformTool>
        <languageToolchain>hi-tech-picc</languageToolchain>
        <languageToolchainVersion></languageToolchainVersion>
        <platform>3</platform>
      </toolsSet>
      <compileType>
        <linkerTool>
          <linkerLibItems>
          </linkerLibItems>
        </linkerTool>
      </compileType>
      <HI-TECH-COMP>
        <property key="extra-include-directories"
                  value="..;../../../../Program Files/HI-TECH Software/PICC/9.80/include;"/>
      </HI-TECH-COMP>
      <HI-TECH-LINK>
        <property key="extra-include-directories"
                  value="..;../../../../Program Files/HI-TECH Software/PICC/9.80/include;"/>
      </HI-TECH-LINK>
      <PICkit3PlatformTool>
      </PICkit3PlatformTool>
    </conf>
  </confs>
</configurationDescriptor>
