<?xml version="1.0" encoding="UTF-8"?>
<configurationDescriptor version="62">
  <logicalFolder name="root" displayName="root" projectFiles="true">
    <logicalFolder name="HeaderFiles"
                   displayName="Header Files"
                   projectFiles="true">
      <itemPath>../Buttons.h</itemPath>
      <itemPath>../DisplayMacros.H</itemPath>
      <itemPath>../General.h</itemPath>
      <itemPath>../../../../../../../../../../MCC18/h/GenericTypeDefs.h</itemPath>
      <itemPath>../I2c.h</itemPath>
      <itemPath>../Lcd.h</itemPath>
      <itemPath>../Rtc.h</itemPath>
      <itemPath>../Serial.h</itemPath>
      <itemPath>../Sound.h</itemPath>
      <itemPath>../Voltmeter.h</itemPath>
      <itemPath>../../../../../../../../../../MCC18/h/p18cxxx.h</itemPath>
      <itemPath>../../../../../../../../../../MCC18/h/p18f46k22.h</itemPath>
    </logicalFolder>
    <logicalFolder name="LibraryFiles"
                   displayName="Library Files"
                   projectFiles="true">
    </logicalFolder>
    <logicalFolder name="LinkerScript"
                   displayName="Linker Files"
                   projectFiles="true">
    </logicalFolder>
    <logicalFolder name="ObjectFiles"
                   displayName="Object Files"
                   projectFiles="true">
    </logicalFolder>
    <logicalFolder name="SourceFiles"
                   displayName="Source Files"
                   projectFiles="true">
      <itemPath>../Buttons.c</itemPath>
      <itemPath>../I2c.c</itemPath>
      <itemPath>../Lcd.c</itemPath>
      <itemPath>../Rtc.c</itemPath>
      <itemPath>../Serial.c</itemPath>
      <itemPath>../Sound.c</itemPath>
      <itemPath>../Voltmeter.c</itemPath>
      <itemPath>../main.c</itemPath>
    </logicalFolder>
    <logicalFolder name="ExternalFiles"
                   displayName="Important Files"
                   projectFiles="false">
      <itemPath>Makefile</itemPath>
    </logicalFolder>
    <logicalFolder name="OtherFiles" displayName="Other Files" projectFiles="false">
      <itemPath>../../../../../../../../../../MCC18/mpasm/P18F46K22.INC</itemPath>
    </logicalFolder>
  </logicalFolder>
  <projectmakefile>Makefile</projectmakefile>
  <confs>
    <conf name="default" type="2">
      <toolsSet>
        <developmentServer>localhost</developmentServer>
        <targetDevice>PIC18F46K22</targetDevice>
        <targetHeader></targetHeader>
        <platformTool>PICkit3PlatformTool</platformTool>
        <languageToolchain>C18</languageToolchain>
        <compilerSet>hi-tech-picc18</compilerSet>
        <platform>3</platform>
      </toolsSet>
      <compileType>
        <linkerTool>
          <linkerLibItems>
          </linkerLibItems>
        </linkerTool>
      </compileType>
      <C18>
        <property key="storage-class" value="sca"/>
        <property key="enable-opa" value="false"/>
        <property key="enable-all-optimizations" value="true"/>
        <property key="preprocessor-macros" value=""/>
        <property key="default-char-unsigned" value="false"/>
        <property key="optimization-master" value="Custom"/>
        <property key="code-model" value="ms"/>
        <property key="warning-level" value="2"/>
        <property key="extra-include-directories"
                  value="..;../../../../../../../../../../MCC18/h;"/>
        <property key="enable-ow" value="true"/>
        <property key="verbose" value="false"/>
        <property key="enable-ou" value="false"/>
        <property key="enable-ot" value="false"/>
        <property key="enable-os" value="true"/>
        <property key="data-model" value="oa-"/>
        <property key="enable-or" value="false"/>
        <property key="enable-op" value="false"/>
        <property key="enable-on" value="true"/>
        <property key="enable-om" value="true"/>
        <property key="procedural-abstraction-passes" value="0"/>
        <property key="enable-multi-bank-stack-model" value="false"/>
        <property key="enable-int-promotion" value="true"/>
        <property key="enable-od" value="false"/>
        <property key="enable-ob" value="false"/>
      </C18>
      <C18-AS>
        <property key="default.radix" value="HEX"/>
        <property key="enable.case.sensitivity" value="false"/>
        <property key="hex.output.format" value="INHX32"/>
        <property key="preprocessor.macros" value=""/>
        <property key="warning.level" value="0"/>
        <property key="cross.reference.file" value=""/>
      </C18-AS>
      <C18-LD>
        <property key="hex-output-format" value="INHX32"/>
        <property key="generate-hex" value="false"/>
        <property key="map-file" value=""/>
        <property key="generate-cod" value="false"/>
        <property key="extra-lib-directories"
                  value="../../../../../../../../../../MCC18/lib;"/>
      </C18-LD>
      <C18LanguageToolchain>
      </C18LanguageToolchain>
      <PICkit3PlatformTool>
      </PICkit3PlatformTool>
    </conf>
  </confs>
</configurationDescriptor>
